id,y_pred
2026-05-16T22:00:00+0000,120.25
2026-05-16T23:00:00+0000,116.58
2026-05-17T00:00:00+0000,114.3
2026-05-17T01:00:00+0000,112.46
2026-05-17T02:00:00+0000,110.88
2026-05-17T03:00:00+0000,105.44
2026-05-17T04:00:00+0000,98.53
2026-05-17T05:00:00+0000,68.56
2026-05-17T06:00:00+0000,35.29
2026-05-17T07:00:00+0000,-0.89
2026-05-17T08:00:00+0000,-12.53
2026-05-17T09:00:00+0000,-15.32
2026-05-17T10:00:00+0000,-25.53
2026-05-17T11:00:00+0000,-27.51
2026-05-17T12:00:00+0000,-25.23
2026-05-17T13:00:00+0000,-13.61
2026-05-17T14:00:00+0000,5.67
2026-05-17T15:00:00+0000,49.13
2026-05-17T16:00:00+0000,106.04
2026-05-17T17:00:00+0000,123.47
2026-05-17T18:00:00+0000,141.07
2026-05-17T19:00:00+0000,138.9
2026-05-17T20:00:00+0000,129.33
2026-05-17T21:00:00+0000,125.16
2026-05-17T22:00:00+0000,124.06
2026-05-17T23:00:00+0000,112.34
2026-05-18T00:00:00+0000,112.31
2026-05-18T01:00:00+0000,108.31
2026-05-18T02:00:00+0000,109.44
2026-05-18T03:00:00+0000,123.07
2026-05-18T04:00:00+0000,131.84
2026-05-18T05:00:00+0000,136.11
2026-05-18T06:00:00+0000,121.91
2026-05-18T07:00:00+0000,101.26
2026-05-18T08:00:00+0000,81.71
2026-05-18T09:00:00+0000,58.97
2026-05-18T10:00:00+0000,53.7
2026-05-18T11:00:00+0000,49.42
2026-05-18T12:00:00+0000,57.93
2026-05-18T13:00:00+0000,64.25
2026-05-18T14:00:00+0000,86.02
2026-05-18T15:00:00+0000,112.68
2026-05-18T16:00:00+0000,136.55
2026-05-18T17:00:00+0000,181.41
2026-05-18T18:00:00+0000,207.29
2026-05-18T19:00:00+0000,194.33
2026-05-18T20:00:00+0000,177.47
2026-05-18T21:00:00+0000,158.56
2026-05-18T22:00:00+0000,138.9
2026-05-18T23:00:00+0000,128.99
2026-05-19T00:00:00+0000,129.79
2026-05-19T01:00:00+0000,129.36
2026-05-19T02:00:00+0000,128.7
2026-05-19T03:00:00+0000,150.49
2026-05-19T04:00:00+0000,158.87
2026-05-19T05:00:00+0000,137.56
2026-05-19T06:00:00+0000,134.85
2026-05-19T07:00:00+0000,100.58
2026-05-19T08:00:00+0000,82.82
2026-05-19T09:00:00+0000,63.44
2026-05-19T10:00:00+0000,56.12
2026-05-19T11:00:00+0000,52.18
2026-05-19T12:00:00+0000,50.03
2026-05-19T13:00:00+0000,69.49
2026-05-19T14:00:00+0000,86.92
2026-05-19T15:00:00+0000,104.5
2026-05-19T16:00:00+0000,129.21
2026-05-19T17:00:00+0000,151.65
2026-05-19T18:00:00+0000,190.28
2026-05-19T19:00:00+0000,156.61
2026-05-19T20:00:00+0000,137.22
2026-05-19T21:00:00+0000,125.9
2026-05-19T22:00:00+0000,124.46
2026-05-19T23:00:00+0000,122.12
2026-05-20T00:00:00+0000,119.39
2026-05-20T01:00:00+0000,118.13
2026-05-20T02:00:00+0000,120.65
2026-05-20T03:00:00+0000,123.72
2026-05-20T04:00:00+0000,131.51
2026-05-20T05:00:00+0000,136.44
2026-05-20T06:00:00+0000,124.76
2026-05-20T07:00:00+0000,103.72
2026-05-20T08:00:00+0000,86.44
2026-05-20T09:00:00+0000,66.37
2026-05-20T10:00:00+0000,51.19
2026-05-20T11:00:00+0000,40.66
2026-05-20T12:00:00+0000,33.61
2026-05-20T13:00:00+0000,44.19
2026-05-20T14:00:00+0000,73.06
2026-05-20T15:00:00+0000,95.97
2026-05-20T16:00:00+0000,121.91
2026-05-20T17:00:00+0000,143.86
2026-05-20T18:00:00+0000,159.32
2026-05-20T19:00:00+0000,152.57
2026-05-20T20:00:00+0000,147.75
2026-05-20T21:00:00+0000,126.77
2026-05-20T22:00:00+0000,124.19
2026-05-20T23:00:00+0000,114.04
2026-05-21T00:00:00+0000,108.96
2026-05-21T01:00:00+0000,108.87
2026-05-21T02:00:00+0000,109.22
2026-05-21T03:00:00+0000,114.07
2026-05-21T04:00:00+0000,121.36
2026-05-21T05:00:00+0000,123.85
2026-05-21T06:00:00+0000,118.41
2026-05-21T07:00:00+0000,93.71
2026-05-21T08:00:00+0000,58.71
2026-05-21T09:00:00+0000,36.51
2026-05-21T10:00:00+0000,34.25
2026-05-21T11:00:00+0000,29.02
2026-05-21T12:00:00+0000,34.55
2026-05-21T13:00:00+0000,45.43
2026-05-21T14:00:00+0000,57.63
2026-05-21T15:00:00+0000,88.34
2026-05-21T16:00:00+0000,117.46
2026-05-21T17:00:00+0000,147.24
2026-05-21T18:00:00+0000,165.24
2026-05-21T19:00:00+0000,161.28
2026-05-21T20:00:00+0000,154.19
2026-05-21T21:00:00+0000,144.12
2026-05-21T22:00:00+0000,140.88
2026-05-21T23:00:00+0000,131.48
2026-05-22T00:00:00+0000,126.55
2026-05-22T01:00:00+0000,121.83
2026-05-22T02:00:00+0000,123.67
2026-05-22T03:00:00+0000,132.85
2026-05-22T04:00:00+0000,138.44
2026-05-22T05:00:00+0000,131.97
2026-05-22T06:00:00+0000,116.66
2026-05-22T07:00:00+0000,84.72
2026-05-22T08:00:00+0000,39.41
2026-05-22T09:00:00+0000,25.75
2026-05-22T10:00:00+0000,-6.2
2026-05-22T11:00:00+0000,-8.25
2026-05-22T12:00:00+0000,-4.4
2026-05-22T13:00:00+0000,18.28
2026-05-22T14:00:00+0000,49.26
2026-05-22T15:00:00+0000,89.68
2026-05-22T16:00:00+0000,117.74
2026-05-22T17:00:00+0000,146.11
2026-05-22T18:00:00+0000,174.36
2026-05-22T19:00:00+0000,155.62
2026-05-22T20:00:00+0000,155.75
2026-05-22T21:00:00+0000,141.93
2026-05-22T22:00:00+0000,135.99
2026-05-22T23:00:00+0000,124.93
2026-05-23T00:00:00+0000,117.81
2026-05-23T01:00:00+0000,117.01
2026-05-23T02:00:00+0000,115.92
2026-05-23T03:00:00+0000,116.62
2026-05-23T04:00:00+0000,110.87
2026-05-23T05:00:00+0000,91.37
2026-05-23T06:00:00+0000,56.83
2026-05-23T07:00:00+0000,14.23
2026-05-23T08:00:00+0000,-8.99
2026-05-23T09:00:00+0000,-23.07
2026-05-23T10:00:00+0000,-46.8
2026-05-23T11:00:00+0000,-77.8
2026-05-23T12:00:00+0000,-83.7
2026-05-23T13:00:00+0000,-49.38
2026-05-23T14:00:00+0000,4.45
2026-05-23T15:00:00+0000,49.36
2026-05-23T16:00:00+0000,108.13
2026-05-23T17:00:00+0000,130.17
2026-05-23T18:00:00+0000,143.95
2026-05-23T19:00:00+0000,152.6
2026-05-23T20:00:00+0000,142.41
2026-05-23T21:00:00+0000,135.08
2026-05-23T22:00:00+0000,134.3
2026-05-23T23:00:00+0000,130.14
2026-05-24T00:00:00+0000,128.12
2026-05-24T01:00:00+0000,122.68
2026-05-24T02:00:00+0000,115.62
2026-05-24T03:00:00+0000,108.85
2026-05-24T04:00:00+0000,108.17
2026-05-24T05:00:00+0000,82.23
2026-05-24T06:00:00+0000,24.23
2026-05-24T07:00:00+0000,-0.8
2026-05-24T08:00:00+0000,-34.87
2026-05-24T09:00:00+0000,-52.59
2026-05-24T10:00:00+0000,-127.14
2026-05-24T11:00:00+0000,-213.86
2026-05-24T12:00:00+0000,-132.52
2026-05-24T13:00:00+0000,-55.82
2026-05-24T14:00:00+0000,-23.39
2026-05-24T15:00:00+0000,36.66
2026-05-24T16:00:00+0000,102.17
2026-05-24T17:00:00+0000,127.81
2026-05-24T18:00:00+0000,149.23
2026-05-24T19:00:00+0000,138.48
2026-05-24T20:00:00+0000,141.43
2026-05-24T21:00:00+0000,136.69
2026-05-24T22:00:00+0000,121.12
2026-05-24T23:00:00+0000,115.0
2026-05-25T00:00:00+0000,130.44
2026-05-25T01:00:00+0000,110.95
2026-05-25T02:00:00+0000,112.87
2026-05-25T03:00:00+0000,112.39
2026-05-25T04:00:00+0000,109.59
2026-05-25T05:00:00+0000,109.48
2026-05-25T06:00:00+0000,46.66
2026-05-25T07:00:00+0000,2.36
2026-05-25T08:00:00+0000,-91.05
2026-05-25T09:00:00+0000,-112.48
2026-05-25T10:00:00+0000,-113.78
2026-05-25T11:00:00+0000,-128.7
2026-05-25T12:00:00+0000,-134.44
2026-05-25T13:00:00+0000,-138.62
2026-05-25T14:00:00+0000,-67.84
2026-05-25T15:00:00+0000,5.88
2026-05-25T16:00:00+0000,81.78
2026-05-25T17:00:00+0000,139.39
2026-05-25T18:00:00+0000,167.92
2026-05-25T19:00:00+0000,181.89
2026-05-25T20:00:00+0000,137.11
2026-05-25T21:00:00+0000,128.18
2026-05-25T22:00:00+0000,136.77
2026-05-25T23:00:00+0000,132.63
2026-05-26T00:00:00+0000,130.31
2026-05-26T01:00:00+0000,131.36
2026-05-26T02:00:00+0000,137.7
2026-05-26T03:00:00+0000,140.99
2026-05-26T04:00:00+0000,142.1
2026-05-26T05:00:00+0000,129.38
2026-05-26T06:00:00+0000,98.32
2026-05-26T07:00:00+0000,37.47
2026-05-26T08:00:00+0000,-6.21
2026-05-26T09:00:00+0000,-14.68
2026-05-26T10:00:00+0000,-22.31
2026-05-26T11:00:00+0000,-21.06
2026-05-26T12:00:00+0000,-21.94
2026-05-26T13:00:00+0000,-16.08
2026-05-26T14:00:00+0000,-4.61
2026-05-26T15:00:00+0000,50.6
2026-05-26T16:00:00+0000,111.22
2026-05-26T17:00:00+0000,144.0
2026-05-26T18:00:00+0000,154.7
2026-05-26T19:00:00+0000,146.71
2026-05-26T20:00:00+0000,136.45
2026-05-26T21:00:00+0000,127.38
2026-05-26T22:00:00+0000,117.92
2026-05-26T23:00:00+0000,111.73
2026-05-27T00:00:00+0000,110.05
2026-05-27T01:00:00+0000,107.77
2026-05-27T02:00:00+0000,101.01
2026-05-27T03:00:00+0000,110.98
2026-05-27T04:00:00+0000,122.8
2026-05-27T05:00:00+0000,113.87
2026-05-27T06:00:00+0000,98.31
2026-05-27T07:00:00+0000,41.29
2026-05-27T08:00:00+0000,-5.34
2026-05-27T09:00:00+0000,-6.17
2026-05-27T10:00:00+0000,-17.76
2026-05-27T11:00:00+0000,-23.21
2026-05-27T12:00:00+0000,-19.88
2026-05-27T13:00:00+0000,-11.25
2026-05-27T14:00:00+0000,-11.55
2026-05-27T15:00:00+0000,28.01
2026-05-27T16:00:00+0000,95.85
2026-05-27T17:00:00+0000,129.48
2026-05-27T18:00:00+0000,154.66
2026-05-27T19:00:00+0000,142.27
2026-05-27T20:00:00+0000,137.5
2026-05-27T21:00:00+0000,124.76
2026-05-27T22:00:00+0000,127.44
2026-05-27T23:00:00+0000,117.51
2026-05-28T00:00:00+0000,120.1
2026-05-28T01:00:00+0000,117.12
2026-05-28T02:00:00+0000,118.27
2026-05-28T03:00:00+0000,126.47
2026-05-28T04:00:00+0000,137.78
2026-05-28T05:00:00+0000,129.38
2026-05-28T06:00:00+0000,108.2
2026-05-28T07:00:00+0000,57.59
2026-05-28T08:00:00+0000,14.03
2026-05-28T09:00:00+0000,-15.24
2026-05-28T10:00:00+0000,-25.9
2026-05-28T11:00:00+0000,-27.07
2026-05-28T12:00:00+0000,-25.41
2026-05-28T13:00:00+0000,-21.44
2026-05-28T14:00:00+0000,3.29
2026-05-28T15:00:00+0000,58.2
2026-05-28T16:00:00+0000,107.69
2026-05-28T17:00:00+0000,147.11
2026-05-28T18:00:00+0000,184.44
2026-05-28T19:00:00+0000,176.68
2026-05-28T20:00:00+0000,153.42
2026-05-28T21:00:00+0000,142.16
2026-05-28T22:00:00+0000,145.37
2026-05-28T23:00:00+0000,133.97
2026-05-29T00:00:00+0000,130.88
2026-05-29T01:00:00+0000,125.56
2026-05-29T02:00:00+0000,130.85
2026-05-29T03:00:00+0000,128.7
2026-05-29T04:00:00+0000,129.41
2026-05-29T05:00:00+0000,122.24
2026-05-29T06:00:00+0000,102.78
2026-05-29T07:00:00+0000,46.04
2026-05-29T08:00:00+0000,5.16
2026-05-29T09:00:00+0000,-6.08
2026-05-29T10:00:00+0000,-15.07
2026-05-29T11:00:00+0000,-20.54
2026-05-29T12:00:00+0000,-18.75
2026-05-29T13:00:00+0000,-10.19
2026-05-29T14:00:00+0000,24.03
2026-05-29T15:00:00+0000,84.99
2026-05-29T16:00:00+0000,121.12
2026-05-29T17:00:00+0000,152.35
2026-05-29T18:00:00+0000,204.03
2026-05-29T19:00:00+0000,184.15
2026-05-29T20:00:00+0000,149.08
2026-05-29T21:00:00+0000,132.77
2026-05-29T22:00:00+0000,109.59
2026-05-29T23:00:00+0000,102.16
2026-05-30T00:00:00+0000,100.02
2026-05-30T01:00:00+0000,107.84
2026-05-30T02:00:00+0000,105.82
2026-05-30T03:00:00+0000,105.47
2026-05-30T04:00:00+0000,98.07
2026-05-30T05:00:00+0000,83.79
2026-05-30T06:00:00+0000,48.47
2026-05-30T07:00:00+0000,11.73
2026-05-30T08:00:00+0000,-4.66
2026-05-30T09:00:00+0000,-26.27
2026-05-30T10:00:00+0000,-29.08
2026-05-30T11:00:00+0000,-67.02
2026-05-30T12:00:00+0000,-46.97
2026-05-30T13:00:00+0000,-26.2
2026-05-30T14:00:00+0000,-13.19
2026-05-30T15:00:00+0000,31.89
2026-05-30T16:00:00+0000,96.48
2026-05-30T17:00:00+0000,129.04
2026-05-30T18:00:00+0000,155.63
2026-05-30T19:00:00+0000,151.71
2026-05-30T20:00:00+0000,142.8
2026-05-30T21:00:00+0000,142.37
2026-05-30T22:00:00+0000,144.31
2026-05-30T23:00:00+0000,131.41
2026-05-31T00:00:00+0000,132.44
2026-05-31T01:00:00+0000,126.18
2026-05-31T02:00:00+0000,125.12
2026-05-31T03:00:00+0000,125.83
2026-05-31T04:00:00+0000,111.2
2026-05-31T05:00:00+0000,90.49
2026-05-31T06:00:00+0000,47.68
2026-05-31T07:00:00+0000,11.3
2026-05-31T08:00:00+0000,0.95
2026-05-31T09:00:00+0000,-0.3
2026-05-31T10:00:00+0000,-7.66
2026-05-31T11:00:00+0000,-1.27
2026-05-31T12:00:00+0000,0.37
2026-05-31T13:00:00+0000,-1.26
2026-05-31T14:00:00+0000,7.34
2026-05-31T15:00:00+0000,48.17
2026-05-31T16:00:00+0000,99.1
2026-05-31T17:00:00+0000,122.66
2026-05-31T18:00:00+0000,142.13
2026-05-31T19:00:00+0000,142.02
2026-05-31T20:00:00+0000,140.99
2026-05-31T21:00:00+0000,132.25
2026-05-31T22:00:00+0000,139.48
2026-05-31T23:00:00+0000,119.47
2026-06-01T00:00:00+0000,120.22
2026-06-01T01:00:00+0000,119.94
2026-06-01T02:00:00+0000,130.16
2026-06-01T03:00:00+0000,137.35
2026-06-01T04:00:00+0000,137.42
2026-06-01T05:00:00+0000,133.41
2026-06-01T06:00:00+0000,114.34
2026-06-01T07:00:00+0000,87.16
2026-06-01T08:00:00+0000,79.48
2026-06-01T09:00:00+0000,62.4
2026-06-01T10:00:00+0000,52.93
2026-06-01T11:00:00+0000,40.46
2026-06-01T12:00:00+0000,43.36
2026-06-01T13:00:00+0000,50.69
2026-06-01T14:00:00+0000,76.46
2026-06-01T15:00:00+0000,95.02
2026-06-01T16:00:00+0000,128.32
2026-06-01T17:00:00+0000,174.11
2026-06-01T18:00:00+0000,242.87
2026-06-01T19:00:00+0000,197.54
2026-06-01T20:00:00+0000,183.24
2026-06-01T21:00:00+0000,174.6
2026-06-01T22:00:00+0000,146.8
2026-06-01T23:00:00+0000,119.1
2026-06-02T00:00:00+0000,113.52
2026-06-02T01:00:00+0000,109.65
2026-06-02T02:00:00+0000,108.76
2026-06-02T03:00:00+0000,114.42
2026-06-02T04:00:00+0000,124.23
2026-06-02T05:00:00+0000,125.53
2026-06-02T06:00:00+0000,113.67
2026-06-02T07:00:00+0000,93.17
2026-06-02T08:00:00+0000,70.34
2026-06-02T09:00:00+0000,46.18
2026-06-02T10:00:00+0000,33.71
2026-06-02T11:00:00+0000,27.33
2026-06-02T12:00:00+0000,37.49
2026-06-02T13:00:00+0000,54.21
2026-06-02T14:00:00+0000,81.86
2026-06-02T15:00:00+0000,102.09
2026-06-02T16:00:00+0000,122.27
2026-06-02T17:00:00+0000,147.67
2026-06-02T18:00:00+0000,210.62
2026-06-02T19:00:00+0000,184.61
2026-06-02T20:00:00+0000,141.11
2026-06-02T21:00:00+0000,119.44
2026-06-02T22:00:00+0000,108.41
2026-06-02T23:00:00+0000,100.57
2026-06-03T00:00:00+0000,101.21
2026-06-03T01:00:00+0000,98.4
2026-06-03T02:00:00+0000,95.48
2026-06-03T03:00:00+0000,101.37
2026-06-03T04:00:00+0000,107.23
2026-06-03T05:00:00+0000,116.8
2026-06-03T06:00:00+0000,105.31
2026-06-03T07:00:00+0000,84.04
2026-06-03T08:00:00+0000,60.53
2026-06-03T09:00:00+0000,44.04
2026-06-03T10:00:00+0000,22.74
2026-06-03T11:00:00+0000,15.45
2026-06-03T12:00:00+0000,18.57
2026-06-03T13:00:00+0000,33.44
2026-06-03T14:00:00+0000,50.52
2026-06-03T15:00:00+0000,81.17
2026-06-03T16:00:00+0000,98.2
2026-06-03T17:00:00+0000,127.16
2026-06-03T18:00:00+0000,133.51
2026-06-03T19:00:00+0000,126.92
2026-06-03T20:00:00+0000,112.7
2026-06-03T21:00:00+0000,90.9
2026-06-03T22:00:00+0000,56.81
2026-06-03T23:00:00+0000,50.48
2026-06-04T00:00:00+0000,47.44
2026-06-04T01:00:00+0000,47.48
2026-06-04T02:00:00+0000,54.64
2026-06-04T03:00:00+0000,64.82
2026-06-04T04:00:00+0000,71.62
2026-06-04T05:00:00+0000,83.61
2026-06-04T06:00:00+0000,83.36
2026-06-04T07:00:00+0000,48.8
2026-06-04T08:00:00+0000,14.15
2026-06-04T09:00:00+0000,3.26
2026-06-04T10:00:00+0000,-0.75
2026-06-04T11:00:00+0000,-0.14
2026-06-04T12:00:00+0000,-0.89
2026-06-04T13:00:00+0000,15.2
2026-06-04T14:00:00+0000,26.21
2026-06-04T15:00:00+0000,54.54
2026-06-04T16:00:00+0000,91.5
2026-06-04T17:00:00+0000,105.77
2026-06-04T18:00:00+0000,111.27
2026-06-04T19:00:00+0000,108.99
2026-06-04T20:00:00+0000,99.43
2026-06-04T21:00:00+0000,83.13
2026-06-04T22:00:00+0000,69.02
2026-06-04T23:00:00+0000,61.3
2026-06-05T00:00:00+0000,56.42
2026-06-05T01:00:00+0000,59.14
2026-06-05T02:00:00+0000,68.68
2026-06-05T03:00:00+0000,78.13
2026-06-05T04:00:00+0000,96.63
2026-06-05T05:00:00+0000,96.99
2026-06-05T06:00:00+0000,91.28
2026-06-05T07:00:00+0000,65.78
2026-06-05T08:00:00+0000,44.89
2026-06-05T09:00:00+0000,20.74
2026-06-05T10:00:00+0000,15.9
2026-06-05T11:00:00+0000,2.53
2026-06-05T12:00:00+0000,8.33
2026-06-05T13:00:00+0000,20.52
2026-06-05T14:00:00+0000,46.0
2026-06-05T15:00:00+0000,79.97
2026-06-05T16:00:00+0000,103.53
2026-06-05T17:00:00+0000,144.24
2026-06-05T18:00:00+0000,182.84
2026-06-05T19:00:00+0000,175.71
2026-06-05T20:00:00+0000,136.47
2026-06-05T21:00:00+0000,122.47
2026-06-05T22:00:00+0000,119.62
2026-06-05T23:00:00+0000,109.61
2026-06-06T00:00:00+0000,106.48
2026-06-06T01:00:00+0000,107.56
2026-06-06T02:00:00+0000,109.47
2026-06-06T03:00:00+0000,106.76
2026-06-06T04:00:00+0000,108.01
2026-06-06T05:00:00+0000,93.49
2026-06-06T06:00:00+0000,66.52
2026-06-06T07:00:00+0000,29.21
2026-06-06T08:00:00+0000,18.68
2026-06-06T09:00:00+0000,13.64
2026-06-06T10:00:00+0000,8.58
2026-06-06T11:00:00+0000,5.77
2026-06-06T12:00:00+0000,-3.06
2026-06-06T13:00:00+0000,1.27
2026-06-06T14:00:00+0000,23.95
2026-06-06T15:00:00+0000,67.52
2026-06-06T16:00:00+0000,98.73
2026-06-06T17:00:00+0000,126.3
2026-06-06T18:00:00+0000,143.88
2026-06-06T19:00:00+0000,134.69
2026-06-06T20:00:00+0000,134.35
2026-06-06T21:00:00+0000,121.56
2026-06-06T22:00:00+0000,108.44
2026-06-06T23:00:00+0000,87.96
2026-06-07T00:00:00+0000,84.1
2026-06-07T01:00:00+0000,69.91
2026-06-07T02:00:00+0000,67.7
2026-06-07T03:00:00+0000,59.25
2026-06-07T04:00:00+0000,44.31
2026-06-07T05:00:00+0000,33.87
2026-06-07T06:00:00+0000,23.51
2026-06-07T07:00:00+0000,-9.5
2026-06-07T08:00:00+0000,-34.2
2026-06-07T09:00:00+0000,-38.32
2026-06-07T10:00:00+0000,-43.21
2026-06-07T11:00:00+0000,-47.17
2026-06-07T12:00:00+0000,-46.16
2026-06-07T13:00:00+0000,-31.14
2026-06-07T14:00:00+0000,-17.79
2026-06-07T15:00:00+0000,35.61
2026-06-07T16:00:00+0000,62.88
2026-06-07T17:00:00+0000,104.59
2026-06-07T18:00:00+0000,130.0
2026-06-07T19:00:00+0000,135.46
2026-06-07T20:00:00+0000,133.73
2026-06-07T21:00:00+0000,125.92
2026-06-07T22:00:00+0000,129.35
2026-06-07T23:00:00+0000,106.46
2026-06-08T00:00:00+0000,101.62
2026-06-08T01:00:00+0000,101.13
2026-06-08T02:00:00+0000,106.92
2026-06-08T03:00:00+0000,113.69
2026-06-08T04:00:00+0000,134.04
2026-06-08T05:00:00+0000,131.14
2026-06-08T06:00:00+0000,104.76
2026-06-08T07:00:00+0000,70.72
2026-06-08T08:00:00+0000,45.06
2026-06-08T09:00:00+0000,33.25
2026-06-08T10:00:00+0000,30.23
2026-06-08T11:00:00+0000,30.94
2026-06-08T12:00:00+0000,39.57
2026-06-08T13:00:00+0000,65.7
2026-06-08T14:00:00+0000,81.96
2026-06-08T15:00:00+0000,110.0
2026-06-08T16:00:00+0000,127.78
2026-06-08T17:00:00+0000,166.33
2026-06-08T18:00:00+0000,170.96
2026-06-08T19:00:00+0000,156.65
2026-06-08T20:00:00+0000,139.85
2026-06-08T21:00:00+0000,130.8
2026-06-08T22:00:00+0000,110.98
2026-06-08T23:00:00+0000,102.77
2026-06-09T00:00:00+0000,97.6
2026-06-09T01:00:00+0000,95.54
2026-06-09T02:00:00+0000,95.47
2026-06-09T03:00:00+0000,96.73
2026-06-09T04:00:00+0000,99.39
2026-06-09T05:00:00+0000,100.75
2026-06-09T06:00:00+0000,107.45
2026-06-09T07:00:00+0000,88.22
2026-06-09T08:00:00+0000,53.0
2026-06-09T09:00:00+0000,31.52
2026-06-09T10:00:00+0000,15.54
2026-06-09T11:00:00+0000,16.62
2026-06-09T12:00:00+0000,17.36
2026-06-09T13:00:00+0000,23.6
2026-06-09T14:00:00+0000,46.31
2026-06-09T15:00:00+0000,72.46
2026-06-09T16:00:00+0000,95.39
2026-06-09T17:00:00+0000,132.04
2026-06-09T18:00:00+0000,151.21
2026-06-09T19:00:00+0000,144.75
2026-06-09T20:00:00+0000,133.49
2026-06-09T21:00:00+0000,109.96
2026-06-09T22:00:00+0000,100.26
2026-06-09T23:00:00+0000,96.36
2026-06-10T00:00:00+0000,96.2
2026-06-10T01:00:00+0000,93.87
2026-06-10T02:00:00+0000,95.22
2026-06-10T03:00:00+0000,99.31
2026-06-10T04:00:00+0000,108.03
2026-06-10T05:00:00+0000,118.23
2026-06-10T06:00:00+0000,111.31
2026-06-10T07:00:00+0000,92.88
2026-06-10T08:00:00+0000,76.47
2026-06-10T09:00:00+0000,49.94
2026-06-10T10:00:00+0000,38.7
2026-06-10T11:00:00+0000,40.49
2026-06-10T12:00:00+0000,38.34
2026-06-10T13:00:00+0000,59.58
2026-06-10T14:00:00+0000,72.99
2026-06-10T15:00:00+0000,86.06
2026-06-10T16:00:00+0000,111.36
2026-06-10T17:00:00+0000,141.08
2026-06-10T18:00:00+0000,166.57
2026-06-10T19:00:00+0000,176.25
2026-06-10T20:00:00+0000,148.41
2026-06-10T21:00:00+0000,129.93
2026-06-10T22:00:00+0000,118.59
2026-06-10T23:00:00+0000,112.29
2026-06-11T00:00:00+0000,103.95
2026-06-11T01:00:00+0000,103.9
2026-06-11T02:00:00+0000,104.77
2026-06-11T03:00:00+0000,110.3
2026-06-11T04:00:00+0000,120.07
2026-06-11T05:00:00+0000,125.07
2026-06-11T06:00:00+0000,120.28
2026-06-11T07:00:00+0000,94.11
2026-06-11T08:00:00+0000,78.16
2026-06-11T09:00:00+0000,62.9
2026-06-11T10:00:00+0000,51.26
2026-06-11T11:00:00+0000,35.9
2026-06-11T12:00:00+0000,24.67
2026-06-11T13:00:00+0000,33.86
2026-06-11T14:00:00+0000,53.84
2026-06-11T15:00:00+0000,90.0
2026-06-11T16:00:00+0000,112.71
2026-06-11T17:00:00+0000,127.33
2026-06-11T18:00:00+0000,169.72
2026-06-11T19:00:00+0000,170.82
2026-06-11T20:00:00+0000,138.94
2026-06-11T21:00:00+0000,133.49
2026-06-11T22:00:00+0000,114.47
2026-06-11T23:00:00+0000,100.4
2026-06-12T00:00:00+0000,97.72
2026-06-12T01:00:00+0000,95.84
2026-06-12T02:00:00+0000,97.18
2026-06-12T03:00:00+0000,98.32
2026-06-12T04:00:00+0000,109.07
2026-06-12T05:00:00+0000,116.28
2026-06-12T06:00:00+0000,116.6
2026-06-12T07:00:00+0000,96.84
2026-06-12T08:00:00+0000,86.85
2026-06-12T09:00:00+0000,77.59
2026-06-12T10:00:00+0000,70.49
2026-06-12T11:00:00+0000,61.0
2026-06-12T12:00:00+0000,42.04
2026-06-12T13:00:00+0000,36.57
2026-06-12T14:00:00+0000,39.15
2026-06-12T15:00:00+0000,53.05
2026-06-12T16:00:00+0000,91.04
2026-06-12T17:00:00+0000,104.26
2026-06-12T18:00:00+0000,114.49
2026-06-12T19:00:00+0000,116.33
2026-06-12T20:00:00+0000,115.61
2026-06-12T21:00:00+0000,105.4
2026-06-12T22:00:00+0000,86.4
2026-06-12T23:00:00+0000,76.05
2026-06-13T00:00:00+0000,61.71
2026-06-13T01:00:00+0000,59.41
2026-06-13T02:00:00+0000,60.53
2026-06-13T03:00:00+0000,45.65
2026-06-13T04:00:00+0000,47.35
2026-06-13T05:00:00+0000,32.51
2026-06-13T06:00:00+0000,30.96
2026-06-13T07:00:00+0000,10.73
2026-06-13T08:00:00+0000,-20.57
2026-06-13T09:00:00+0000,-48.21
2026-06-13T10:00:00+0000,-50.48
2026-06-13T11:00:00+0000,-30.65
2026-06-13T12:00:00+0000,-35.54
2026-06-13T13:00:00+0000,-56.4
2026-06-13T14:00:00+0000,-42.74
2026-06-13T15:00:00+0000,-23.35
2026-06-13T16:00:00+0000,22.0
2026-06-13T17:00:00+0000,26.11
2026-06-13T18:00:00+0000,57.54
2026-06-13T19:00:00+0000,61.36
2026-06-13T20:00:00+0000,67.67
2026-06-13T21:00:00+0000,55.9
2026-06-13T22:00:00+0000,31.75
2026-06-13T23:00:00+0000,17.1
2026-06-14T00:00:00+0000,3.41
2026-06-14T01:00:00+0000,1.41
2026-06-14T02:00:00+0000,-3.35
2026-06-14T03:00:00+0000,-6.38
2026-06-14T04:00:00+0000,-21.32
2026-06-14T05:00:00+0000,-22.33
2026-06-14T06:00:00+0000,-21.55
2026-06-14T07:00:00+0000,-15.05
2026-06-14T08:00:00+0000,-32.6
2026-06-14T09:00:00+0000,-102.14
2026-06-14T10:00:00+0000,-90.37
2026-06-14T11:00:00+0000,-54.42
2026-06-14T12:00:00+0000,-42.64
2026-06-14T13:00:00+0000,-54.38
2026-06-14T14:00:00+0000,-77.94
2026-06-14T15:00:00+0000,-52.75
2026-06-14T16:00:00+0000,-31.7
2026-06-14T17:00:00+0000,11.49
2026-06-14T18:00:00+0000,57.03
2026-06-14T19:00:00+0000,72.34
2026-06-14T20:00:00+0000,75.14
2026-06-14T21:00:00+0000,69.38
2026-06-14T22:00:00+0000,70.26
2026-06-14T23:00:00+0000,62.75
2026-06-15T00:00:00+0000,58.77
2026-06-15T01:00:00+0000,55.26
2026-06-15T02:00:00+0000,51.02
2026-06-15T03:00:00+0000,59.7
2026-06-15T04:00:00+0000,75.99
2026-06-15T05:00:00+0000,72.76
2026-06-15T06:00:00+0000,61.41
2026-06-15T07:00:00+0000,27.3
2026-06-15T08:00:00+0000,-0.79
2026-06-15T09:00:00+0000,-3.6
2026-06-15T10:00:00+0000,-9.67
2026-06-15T11:00:00+0000,-13.02
2026-06-15T12:00:00+0000,-13.45
2026-06-15T13:00:00+0000,-10.6
2026-06-15T14:00:00+0000,15.82
2026-06-15T15:00:00+0000,23.08
2026-06-15T16:00:00+0000,61.55
2026-06-15T17:00:00+0000,103.44
2026-06-15T18:00:00+0000,134.08
2026-06-15T19:00:00+0000,147.24
2026-06-15T20:00:00+0000,125.29
2026-06-15T21:00:00+0000,115.42
